City_ID,City,Country,Date,Lat,Lng,Max Temp,Humidity,Cloudiness,Wind Speed
0,Butaritari,KI,2022-05-18 17:15:21,3.0707,172.7902,80.92,77,52,8.75
1,Vila Franca Do Campo,PT,2022-05-18 17:21:06,37.7167,-25.4333,64.2,92,100,14.5
2,Port Alfred,ZA,2022-05-18 17:21:07,-33.5906,26.891,73.18,45,31,1.99
3,Cape Town,ZA,2022-05-18 17:21:07,-33.9258,18.4232,61.21,90,40,10.36
4,Hobart,AU,2022-05-18 17:13:07,-42.8794,147.3294,50.25,69,31,5.75
5,Kapaa,US,2022-05-18 17:16:56,22.0752,-159.319,75.18,93,100,17.27
6,Pitimbu,BR,2022-05-18 17:21:08,-7.4706,-34.8086,86.59,65,42,8.19
7,Birpur,IN,2022-05-18 17:21:08,26.5167,87.0167,81.77,63,20,8.48
8,Punta Arenas,CL,2022-05-18 17:16:41,-53.15,-70.9167,48.22,81,40,6.91
9,Sao Filipe,CV,2022-05-18 17:18:11,14.8961,-24.4956,78.94,61,95,8.28
10,Cidreira,BR,2022-05-18 17:11:15,-30.1811,-50.2056,60.85,85,100,21.92
11,Vaini,TO,2022-05-18 17:21:10,-21.2,-175.2,71.76,83,20,4.61
12,Colwyn Bay,GB,2022-05-18 17:21:10,53.2948,-3.7267,67.75,55,100,7.0
13,Rikitea,PF,2022-05-18 17:15:22,-23.1203,-134.9692,77.38,69,85,15.82
14,Batticaloa,LK,2022-05-18 17:21:11,7.7102,81.6924,84.02,67,56,3.71
15,Hirara,JP,2022-05-18 17:21:11,24.8,125.2833,75.15,76,71,14.43
16,Busselton,AU,2022-05-18 17:16:50,-33.65,115.3333,59.04,86,11,1.39
17,Gat,IL,2022-05-18 17:19:29,31.61,34.7642,75.4,7,0,8.57
18,Salalah,OM,2022-05-18 17:16:40,17.0151,54.0924,84.29,84,75,4.61
19,Novyy Urengoy,RU,2022-05-18 17:21:13,66.0833,76.6333,45.19,64,100,6.78
20,Hithadhoo,MV,2022-05-18 17:15:31,-0.6,73.0833,83.7,75,99,14.07
21,Tuatapere,NZ,2022-05-18 17:21:13,-46.1333,167.6833,49.68,93,100,3.94
22,Paamiut,GL,2022-05-18 17:21:14,61.994,-49.6678,34.43,84,13,8.41
23,Lebu,CL,2022-05-18 17:21:14,-37.6167,-73.65,58.24,64,56,8.1
24,Sur,OM,2022-05-18 17:21:15,22.5667,59.5289,90.37,41,2,8.79
25,Beringovskiy,RU,2022-05-18 17:21:15,63.05,179.3167,36.9,92,100,6.22
26,Hilo,US,2022-05-18 17:11:04,19.7297,-155.09,86.29,82,20,6.91
27,Chokurdakh,RU,2022-05-18 17:18:05,70.6333,147.9167,27.95,88,100,4.72
28,Ushuaia,AR,2022-05-18 17:15:29,-54.8,-68.3,46.06,76,0,1.14
29,Roald,NO,2022-05-18 17:21:17,62.5833,6.1333,61.72,72,40,13.8
30,Hambantota,LK,2022-05-18 17:21:17,6.1241,81.1185,80.46,82,10,20.04
31,Saint-Philippe,RE,2022-05-18 17:15:36,-21.3585,55.7679,74.79,75,42,13.94
32,Barrow,US,2022-05-18 17:20:03,71.2906,-156.7887,15.82,86,100,14.97
33,Mataura,NZ,2022-05-18 17:15:20,-46.1927,168.8643,53.47,95,81,3.29
34,Severo-Kurilsk,RU,2022-05-18 17:18:18,50.6789,156.125,41.94,89,40,2.21
35,Saint-Pierre,RE,2022-05-18 17:21:19,-21.3393,55.4781,74.88,64,75,19.57
36,Alofi,NU,2022-05-18 17:21:20,-19.0595,-169.9187,75.09,83,45,10.36
37,Tasiilaq,GL,2022-05-18 17:15:32,65.6145,-37.6368,35.76,94,100,0.89
38,Coquimbo,CL,2022-05-18 17:12:56,-29.9533,-71.3436,56.93,76,75,5.75
39,Evensk,RU,2022-05-18 17:21:21,61.95,159.2333,34.29,99,100,1.52
40,Bairiki,KI,2022-05-18 17:21:21,1.3292,172.9752,78.8,78,20,4.61
41,Santa Cruz,BO,2022-05-18 17:21:22,-17.8,-63.1667,71.65,35,40,25.32
42,Ussel,FR,2022-05-18 17:21:22,45.55,2.3167,76.28,50,100,3.78
43,Shimoda,JP,2022-05-18 17:21:23,34.6667,138.95,59.11,82,4,3.85
44,Bredasdorp,ZA,2022-05-18 17:15:18,-34.5322,20.0403,62.53,83,51,14.47
45,Mazyr,BY,2022-05-18 17:22:24,52.0495,29.2456,49.5,74,81,5.79
46,Sitka,US,2022-05-18 17:22:24,57.0531,-135.33,49.89,62,40,4.61
47,Iqaluit,CA,2022-05-18 17:22:25,63.7506,-68.5145,29.93,68,100,6.91
48,Albany,US,2022-05-18 17:12:34,42.6001,-73.9662,65.79,33,24,1.01
49,Tautira,PF,2022-05-18 17:22:26,-17.7333,-149.15,79.77,73,100,12.26
50,Arraial Do Cabo,BR,2022-05-18 17:15:30,-22.9661,-42.0278,75.16,31,0,10.36
51,Sydney,AU,2022-05-18 17:20:18,-33.8679,151.2073,55.71,67,0,10.36
52,Hellvik,NO,2022-05-18 17:22:26,59.9156,5.781,59.77,78,86,8.01
53,Monamon,PH,2022-05-18 17:22:27,16.8833,120.8833,55.6,99,100,0.83
54,Aykhal,RU,2022-05-18 17:15:26,66.0,111.5,41.18,86,100,8.68
55,Znin,PL,2022-05-18 17:22:28,52.8496,17.7199,66.04,55,49,4.61
56,Grindavik,IS,2022-05-18 17:22:28,63.8424,-22.4338,52.27,82,75,10.36
57,Hermanus,ZA,2022-05-18 17:16:55,-34.4187,19.2345,60.8,91,26,15.9
58,Saint-Junien,FR,2022-05-18 17:22:29,45.8833,0.9,86.85,46,100,3.8
59,Bluff,NZ,2022-05-18 17:22:30,-46.6,168.3333,53.8,90,97,13.02
60,Shenjiamen,CN,2022-05-18 17:22:30,29.9576,122.298,63.14,73,100,7.72
61,Simao,CN,2022-05-18 17:22:31,22.7886,100.9748,62.55,98,15,2.59
62,Port Augusta,AU,2022-05-18 17:19:21,-32.5,137.7667,55.29,62,100,6.69
63,Narsaq,GL,2022-05-18 17:15:24,60.9167,-46.05,53.82,71,13,5.79
64,Khani,GE,2022-05-18 17:22:32,41.9563,42.9566,56.77,62,1,5.77
65,Castro,BR,2022-05-18 17:16:43,-24.7911,-50.0119,43.66,85,100,11.97
66,Sri Aman,MY,2022-05-18 17:22:33,1.2376,111.4621,77.05,100,11,0.0
67,Cayenne,GF,2022-05-18 17:22:34,4.9333,-52.3333,85.08,4,75,12.66
68,High Level,CA,2022-05-18 17:22:34,58.5169,-117.136,57.31,35,75,2.3
69,Birao,CF,2022-05-18 17:22:35,10.2849,22.7882,93.61,31,100,5.12
70,Mamallapuram,IN,2022-05-18 17:22:35,12.6264,80.1722,86.05,73,100,17.25
71,Pevek,RU,2022-05-18 17:22:36,69.7008,170.3133,32.58,99,100,0.92
72,Benghazi,LY,2022-05-18 17:22:36,32.1167,20.0667,69.75,67,0,15.39
73,Deputatskiy,RU,2022-05-18 17:22:37,69.3,139.9,21.27,98,99,0.81
74,Mahebourg,MU,2022-05-18 17:16:39,-20.4081,57.7,73.69,88,40,9.22
75,Ancud,CL,2022-05-18 17:19:36,-41.8697,-73.8203,53.91,56,100,2.77
76,Nishihara,JP,2022-05-18 17:22:37,26.1842,127.7558,70.88,92,75,5.75
77,Klaksvik,FO,2022-05-18 17:22:38,62.2266,-6.589,49.12,86,99,20.56
78,Skibbereen,IE,2022-05-18 17:22:39,51.55,-9.2667,55.11,80,83,28.48
79,Husavik,IS,2022-05-18 17:18:13,66.0449,-17.3389,43.86,95,100,8.46
80,Torbay,CA,2022-05-18 17:19:22,47.6666,-52.7314,45.88,96,100,12.66
81,East London,ZA,2022-05-18 17:18:07,-33.0153,27.9116,72.54,56,0,5.75
82,Nikolskoye,RU,2022-05-18 17:15:32,59.7035,30.7861,51.69,66,58,8.68
83,Saskylakh,RU,2022-05-18 17:22:40,71.9167,114.0833,26.65,89,83,12.08
84,Lyngseidet,NO,2022-05-18 17:22:40,69.5763,20.2189,39.2,80,90,5.97
85,Port Elizabeth,ZA,2022-05-18 17:15:25,-33.918,25.5701,80.1,29,0,6.91
86,Airai,TL,2022-05-18 17:22:41,-8.9266,125.4092,58.62,91,91,2.44
87,Narrabri,AU,2022-05-18 17:23:42,-30.3167,149.7833,46.53,85,95,1.01
88,Navirai,BR,2022-05-18 17:23:42,-23.065,-54.1906,60.08,50,15,11.43
89,Moose Factory,CA,2022-05-18 17:23:43,51.2585,-80.6094,59.0,31,75,18.41
90,San Patricio,US,2022-05-18 17:23:43,28.017,-97.5169,92.16,36,52,20.67
91,Vazante,BR,2022-05-18 17:23:44,-17.9869,-46.9078,65.32,29,57,12.91
92,Qaanaaq,GL,2022-05-18 17:15:28,77.484,-69.3632,29.64,70,98,5.01
93,Atuona,PF,2022-05-18 17:15:23,-9.8,-139.0333,77.11,76,11,15.73
94,Churapcha,RU,2022-05-18 17:23:45,62.0025,132.4325,35.19,93,78,3.89
95,Ios,GR,2022-05-18 17:23:45,36.7333,25.2833,75.11,60,0,1.01
96,Puerto Ayora,EC,2022-05-18 17:16:51,-0.7393,-90.3518,82.36,95,79,1.99
97,Laguna,US,2022-05-18 17:23:46,38.421,-121.4238,81.28,43,0,5.75
98,Yellowknife,CA,2022-05-18 17:15:25,62.456,-114.3525,46.92,49,40,15.01
99,Bambanglipuro,ID,2022-05-18 17:23:47,-7.95,110.2833,76.33,94,100,5.95
100,Kharp,RU,2022-05-18 17:23:48,66.8014,65.8081,33.93,73,59,7.29
101,Kodiak,US,2022-05-18 17:18:12,57.79,-152.4072,54.91,41,0,9.22
102,Pathalgaon,IN,2022-05-18 17:23:48,22.5667,83.4667,86.81,42,99,8.72
103,New Norfolk,AU,2022-05-18 17:15:22,-42.7826,147.0587,49.91,66,46,3.0
104,Inhambane,MZ,2022-05-18 17:23:49,-23.865,35.3833,71.58,88,20,0.0
105,Swan Hill,AU,2022-05-18 17:23:50,-35.3378,143.5544,46.71,69,4,6.82
106,Bulungu,CD,2022-05-18 17:23:50,-4.55,18.6,74.79,81,90,0.76
107,Los Llanos De Aridane,ES,2022-05-18 17:23:17,28.6585,-17.9182,71.35,84,75,8.05
108,Boyolangu,ID,2022-05-18 17:23:51,-8.1181,111.8935,75.97,93,100,1.66
109,Shieli,KZ,2022-05-18 17:23:52,44.1667,66.75,73.63,23,32,12.88
110,Sisimiut,GL,2022-05-18 17:23:52,66.9395,-53.6735,41.83,45,1,8.77
111,Srednekolymsk,RU,2022-05-18 17:18:02,67.45,153.6833,34.74,91,94,5.84
112,Asau,RO,2022-05-18 17:23:53,46.4333,26.4,56.32,62,78,9.71
113,San Julian,MX,2022-05-18 17:23:54,21.0167,-102.1667,75.78,34,33,6.33
114,Thompson,CA,2022-05-18 17:18:04,55.7435,-97.8558,44.76,45,20,10.36
115,Conde,BR,2022-05-18 17:19:01,-7.2597,-34.9075,85.46,66,75,8.05
116,San Quintin,MX,2022-05-18 17:23:55,30.4833,-115.95,63.66,64,66,8.32
117,Dzhida,RU,2022-05-18 17:23:56,50.6772,106.1806,58.57,44,2,1.52
118,Altus,US,2022-05-18 17:23:56,34.6381,-99.334,95.52,31,0,10.36
119,Vardo,NO,2022-05-18 17:23:57,70.3705,31.1107,33.78,80,75,26.46
120,Tuktoyaktuk,CA,2022-05-18 17:15:29,69.4541,-133.0374,30.2,93,100,12.66
121,Nanortalik,GL,2022-05-18 17:23:58,60.1432,-45.2371,38.14,82,20,8.37
122,Mount Darwin,ZW,2022-05-18 17:23:58,-16.7725,31.5838,63.73,50,6,3.74
123,Kloulklubed,PW,2022-05-18 17:24:00,7.0419,134.2556,83.16,78,100,12.97
124,Mantua,IT,2022-05-18 17:24:01,45.1667,10.7833,81.64,59,55,11.65
125,Nadvoitsy,RU,2022-05-18 17:24:01,63.8667,34.3167,38.84,84,85,9.15
126,Leczna,PL,2022-05-18 17:24:02,51.3012,22.8814,62.91,31,0,4.61
127,Berlin,DE,2022-05-18 17:24:03,52.5244,13.4105,75.97,47,0,9.22
128,Arkhipo-Osipovka,RU,2022-05-18 17:24:03,44.37,38.52,59.43,83,88,10.4
129,Bengkulu,ID,2022-05-18 17:24:04,-3.8004,102.2655,76.5,92,21,4.45
130,Bambous Virieux,MU,2022-05-18 17:24:05,-20.3428,57.7575,73.65,88,40,9.22
131,Fort Nelson,CA,2022-05-18 17:24:05,58.8053,-122.7002,51.39,37,20,0.0
132,Mareeba,AU,2022-05-18 17:25:06,-17.0,145.4333,67.44,92,10,2.64
133,Vao,NC,2022-05-18 17:25:06,-22.6667,167.4833,74.97,81,18,17.09
134,Xichang,CN,2022-05-18 17:25:07,27.8964,102.2634,58.05,88,100,5.35
135,Cherskiy,RU,2022-05-18 17:25:08,68.75,161.3,39.24,92,100,2.77
136,Bethel,US,2022-05-18 17:19:04,41.3712,-73.414,69.19,39,0,10.36
137,Pedernales,DO,2022-05-18 17:25:08,18.0384,-71.744,87.78,61,99,5.68
138,Avera,US,2022-05-18 17:25:09,33.194,-82.5271,89.38,30,5,4.52
139,Tres Picos,MX,2022-05-18 17:25:09,15.8667,-93.5333,90.75,56,82,7.49
140,Kurumkan,RU,2022-05-18 17:25:10,54.3,110.3,54.86,57,34,3.58
141,Udachnyy,RU,2022-05-18 17:25:10,66.4167,112.4,40.5,81,93,8.43
142,Tiksi,RU,2022-05-18 17:19:23,71.6872,128.8694,23.77,96,100,6.22
143,Ostrovnoy,RU,2022-05-18 17:15:33,68.0531,39.5131,33.26,84,100,14.34
144,Georgetown,MY,2022-05-18 17:18:10,5.4112,100.3354,84.13,87,20,3.44
145,Guerrero Negro,MX,2022-05-18 17:25:11,27.9769,-114.0611,65.89,59,33,12.55
146,Carnarvon,AU,2022-05-18 17:25:12,-24.8667,113.6333,70.38,69,0,6.76
147,Gold Coast,AU,2022-05-18 17:21:04,-28.0,153.4333,66.99,98,75,3.44
148,Toktogul,KG,2022-05-18 17:25:12,41.8708,72.9402,60.62,81,99,2.3
149,Atar,MR,2022-05-18 17:25:13,20.5169,-13.0499,102.33,6,27,15.21
150,Kaitangata,NZ,2022-05-18 17:19:35,-46.2817,169.8464,47.08,86,47,5.35
151,Wewak,PG,2022-05-18 17:25:14,-3.5534,143.6268,80.92,77,18,4.68
152,Nantucket,US,2022-05-18 17:23:30,41.2835,-70.0995,68.14,48,0,17.27
153,Jamestown,US,2022-05-18 17:13:13,42.097,-79.2353,60.94,53,75,6.91
154,Gidrotorf,RU,2022-05-18 17:25:15,56.4744,43.5414,50.99,78,86,9.95
155,Hamilton,US,2022-05-18 17:11:59,39.1834,-84.5333,75.83,60,100,9.22
156,Pangnirtung,CA,2022-05-18 17:25:15,66.1451,-65.7125,28.4,86,20,12.66
157,San Cristobal,VE,2022-05-18 17:25:16,7.7669,-72.225,71.78,57,99,6.53
158,Sulphur Springs,US,2022-05-18 17:21:42,33.1385,-95.6011,86.56,57,0,16.11
159,Marsh Harbour,BS,2022-05-18 17:25:17,26.5412,-77.0636,79.61,70,5,3.89
160,Dikson,RU,2022-05-18 17:25:17,73.5069,80.5464,31.46,89,71,8.7
161,Pacific Grove,US,2022-05-18 17:25:18,36.6177,-121.9166,64.35,76,0,7.0
162,Pisco,PE,2022-05-18 17:25:18,-13.7,-76.2167,68.02,82,75,9.22
163,Namibe,AO,2022-05-18 17:25:19,-15.1961,12.1522,71.24,77,3,13.4
164,Gushi,CN,2022-05-18 17:25:20,34.6425,109.5843,67.53,53,100,1.92
165,Esperance,AU,2022-05-18 17:25:20,-33.8667,121.9,60.21,90,96,12.5
166,Lebedyan,RU,2022-05-18 17:25:20,53.0194,39.1664,49.39,75,44,6.51
167,Henties Bay,NA,2022-05-18 17:25:21,-22.116,14.2845,63.05,86,27,3.49
168,Boulder City,US,2022-05-18 17:25:21,35.9786,-114.8325,90.27,7,0,0.0
169,Verkhnyaya Inta,RU,2022-05-18 17:25:22,65.9811,60.3094,35.26,67,100,5.19
170,Tres Arroyos,AR,2022-05-18 17:18:03,-38.3739,-60.2798,55.72,53,24,1.74
171,Bathsheba,BB,2022-05-18 17:16:45,13.2167,-59.5167,86.61,70,20,17.27
172,Quang Ngai,VN,2022-05-18 17:25:23,15.1167,108.8,76.12,94,100,4.38
173,Katsuura,JP,2022-05-18 17:25:24,35.1333,140.3,62.42,81,18,2.82
174,Buala,SB,2022-05-18 17:25:24,-8.145,159.5921,79.09,79,3,0.51
175,Rio Cuarto,AR,2022-05-18 17:25:25,-33.1307,-64.3499,62.33,22,0,9.13
176,Urambo,TZ,2022-05-18 17:26:25,-5.0667,32.05,71.58,55,87,5.41
177,Sumkino,RU,2022-05-18 17:26:26,58.1108,68.3244,52.52,80,73,6.02
178,Coahuayana,MX,2022-05-18 17:26:26,18.7333,-103.6833,91.63,22,18,6.38
179,Avarua,CK,2022-05-18 17:18:13,-21.2078,-159.775,75.25,88,20,1.14
180,Santa Cruz Verapaz,GT,2022-05-18 17:26:27,15.3667,-90.4333,83.16,42,0,4.61
181,Victoria,HK,2022-05-18 17:13:26,22.2855,114.1577,78.19,64,98,11.99
182,Lithgow,AU,2022-05-18 17:26:28,-33.4833,150.15,32.68,93,0,4.0
183,Khatanga,RU,2022-05-18 17:16:49,71.9667,102.5,34.16,90,100,14.12
184,Accra,GH,2022-05-18 17:21:53,5.556,-0.1969,86.41,70,40,16.11
185,Russell,US,2022-05-18 17:26:29,32.3502,-85.1999,89.96,37,20,4.61
186,Dunedin,NZ,2022-05-18 17:26:29,-45.8742,170.5036,51.3,76,32,5.57
187,Lagoa,PT,2022-05-18 17:18:14,39.05,-27.9833,58.35,92,100,24.96
188,Nizwa,OM,2022-05-18 17:26:30,22.9333,57.5333,93.15,8,1,2.46
189,Garachine,PA,2022-05-18 17:23:09,8.0647,-78.3628,80.67,84,98,5.08
190,Rocky Mountain House,CA,2022-05-18 17:25:02,52.3668,-114.9188,51.91,43,100,18.41
191,Totskoye,RU,2022-05-18 17:26:31,52.5248,52.7623,47.3,87,87,14.97
192,Puerto Escondido,MX,2022-05-18 17:26:31,15.85,-97.0667,86.83,74,40,8.05
193,Jalu,LY,2022-05-18 17:26:32,29.0331,21.5482,86.74,16,0,15.32
194,Adrar,MR,2022-05-18 17:26:32,20.5022,-10.0711,99.23,7,45,12.06
195,Sayyan,YE,2022-05-18 17:26:33,15.1718,44.3244,66.94,12,18,10.09
196,Sembe,CG,2022-05-18 17:19:28,1.6481,14.5806,74.12,94,96,2.68
197,Minna,NG,2022-05-18 17:21:40,9.6139,6.5569,93.07,34,92,6.49
198,Hobyo,SO,2022-05-18 17:26:34,5.3505,48.5268,81.09,77,96,25.86
199,Poum,NC,2022-05-18 17:26:34,-20.2333,164.0167,76.39,76,7,6.04
200,Dayong,CN,2022-05-18 17:26:35,25.0209,118.2898,64.11,70,83,3.94
201,Tiznit,MA,2022-05-18 17:26:35,29.5833,-9.5,78.17,42,0,8.66
202,Marsala,IT,2022-05-18 17:25:01,37.7966,12.4352,78.89,78,0,13.8
203,Nuevo Progreso,MX,2022-05-18 17:26:36,23.1667,-97.95,92.53,41,44,15.57
204,Ndioum,SN,2022-05-18 17:25:19,16.5129,-14.6471,111.09,6,58,12.12
205,Verneuil-Sur-Seine,FR,2022-05-18 17:26:36,48.9739,1.9648,83.01,47,0,9.22
206,Xining,CN,2022-05-18 17:16:53,36.6167,101.7667,49.96,75,62,3.0
207,Ketchikan,US,2022-05-18 17:19:24,55.3422,-131.6461,48.67,87,100,8.05
208,Fairbanks,US,2022-05-18 17:16:32,64.8378,-147.7164,50.31,54,20,5.75
209,Saldanha,ZA,2022-05-18 17:26:38,-33.0117,17.9442,59.05,91,95,9.53
210,Balkhash,KZ,2022-05-18 17:26:38,46.844,74.9804,68.56,54,58,8.5
211,Minudasht,IR,2022-05-18 17:26:38,37.2289,55.3747,68.32,77,75,4.61
212,Souillac,MU,2022-05-18 17:19:31,-20.5167,57.5167,73.78,88,40,9.22
213,Coihaique,CL,2022-05-18 17:26:39,-45.5752,-72.0662,41.61,75,0,5.75
214,Portland,US,2022-05-18 17:26:39,45.5234,-122.6762,52.61,88,100,11.5
215,Bima,ID,2022-05-18 17:26:40,-8.4667,118.7167,76.21,93,95,2.91
216,Upernavik,GL,2022-05-18 17:15:13,72.7868,-56.1549,25.14,79,6,9.35
217,Nautla,MX,2022-05-18 17:26:41,20.2167,-96.7833,87.89,55,1,10.87
218,Staraya Toropa,RU,2022-05-18 17:26:41,56.2801,31.6702,49.98,67,81,5.97
219,Palmer,US,2022-05-18 17:19:35,42.1584,-72.3287,70.43,26,40,9.22
220,Adre,TD,2022-05-18 17:26:42,13.4667,22.2,92.14,15,97,5.19
221,Tsogni,GA,2022-05-18 17:26:43,-2.7942,10.0988,78.15,85,35,7.72
222,Isangel,VU,2022-05-18 17:19:33,-19.55,169.2667,76.82,86,100,16.8
223,Geraldton,AU,2022-05-18 17:18:04,-28.7667,114.6,59.41,88,28,11.5
224,Provideniya,RU,2022-05-18 17:27:43,64.3833,-173.3,36.14,93,100,6.49
225,Hulan,CN,2022-05-18 17:27:44,45.9833,126.6,59.11,33,34,12.59
226,Kahului,US,2022-05-18 17:19:25,20.8947,-156.47,77.02,78,20,9.22
227,Luderitz,NA,2022-05-18 17:27:45,-26.6481,15.1594,62.89,75,44,3.58
228,Yulara,AU,2022-05-18 17:27:45,-25.2406,130.9889,55.45,87,100,9.04
229,Vila Velha,BR,2022-05-18 17:27:46,-20.3297,-40.2925,78.75,57,75,11.5
230,Constitucion,CL,2022-05-18 17:27:47,-35.3333,-72.4167,59.65,67,40,4.14
231,Estacion Coahuila,MX,2022-05-18 17:27:47,32.1939,-115.0017,83.84,25,0,9.01
232,Acapulco,MX,2022-05-18 17:23:00,16.8634,-99.8901,85.82,54,20,4.61
233,Vostok,RU,2022-05-18 17:27:48,46.4856,135.8833,38.05,61,0,5.55
234,Paso De Los Toros,UY,2022-05-18 17:27:48,-32.8167,-56.5167,58.87,57,83,16.22
235,Port Keats,AU,2022-05-18 17:27:49,-14.25,129.55,74.1,76,2,3.6
236,Kavaratti,IN,2022-05-18 17:27:49,10.5669,72.642,83.46,80,100,17.09
237,Chuy,UY,2022-05-18 17:19:22,-33.6971,-53.4616,59.68,69,58,17.49
238,College,US,2022-05-18 17:27:50,64.8569,-147.8028,50.29,54,40,5.75
239,Mandalgovi,MN,2022-05-18 17:27:50,45.7625,106.2708,59.05,35,22,10.22
240,Ishigaki,JP,2022-05-18 17:27:51,24.3448,124.1572,77.13,88,100,13.8
241,Promyshlennovskiy,RU,2022-05-18 17:27:52,55.4833,86.2,66.97,62,100,0.63
242,Codrington,AU,2022-05-18 17:27:52,-38.2667,141.9667,53.67,61,83,12.46
243,Maceio,BR,2022-05-18 17:27:52,-9.6658,-35.7353,89.04,58,40,9.22
244,Balaipungut,ID,2022-05-18 17:27:53,1.05,101.2833,76.96,95,36,2.33
245,Gouyave,GD,2022-05-18 17:27:53,12.1646,-61.7296,84.97,70,20,24.16
246,Maragogi,BR,2022-05-18 17:27:54,-9.0122,-35.2225,83.32,68,63,9.78
247,Tessalit,ML,2022-05-18 17:27:54,20.1986,1.0114,103.48,7,12,9.86
248,Hasaki,JP,2022-05-18 17:27:55,35.7333,140.8333,52.2,74,2,4.41
249,Tura,IN,2022-05-18 17:25:50,25.5198,90.2201,69.12,96,84,6.46
250,Mestia,GE,2022-05-18 17:27:56,43.0458,42.7278,44.73,87,55,2.95
251,Nabire,ID,2022-05-18 17:27:56,-3.3667,135.4833,76.08,91,59,3.47
252,Pemberton,CA,2022-05-18 17:27:57,50.3164,-122.8027,47.89,99,100,7.05
253,Along,IN,2022-05-18 17:27:57,28.1667,94.7667,69.12,99,94,1.74
254,Antiguo Morelos,MX,2022-05-18 17:27:58,22.5495,-99.0812,87.46,40,71,6.78
255,Presidencia Roque Saenz Pena,AR,2022-05-18 17:27:58,-26.7852,-60.4388,61.2,40,0,8.61
256,Ilulissat,GL,2022-05-18 17:27:59,69.2167,-51.1,32.02,80,0,9.22
257,Trinidad,BO,2022-05-18 17:27:59,-14.8333,-64.9,75.18,35,97,20.71
258,Brae,GB,2022-05-18 17:28:00,60.3964,-1.353,52.25,78,31,18.3
259,Tsagan Aman,RU,2022-05-18 17:28:00,47.5639,46.7218,61.18,52,100,5.99
260,Labuhan,ID,2022-05-18 17:28:01,-6.8844,112.2051,77.65,91,100,10.07
261,Bilibino,RU,2022-05-18 17:18:19,68.0546,166.4372,34.99,99,100,0.67
262,Macieira De Cambra,PT,2022-05-18 17:28:01,40.8594,-8.3734,65.19,55,84,8.16
263,Cabo San Lucas,MX,2022-05-18 17:27:01,22.8909,-109.9124,83.61,52,20,11.5
264,Port Blair,IN,2022-05-18 17:28:02,11.6667,92.75,77.04,100,100,4.61
265,Faanui,PF,2022-05-18 17:28:03,-16.4833,-151.75,80.49,74,100,8.7
266,Ribeira Grande,PT,2022-05-18 17:28:03,38.5167,-28.7,61.2,94,75,24.16
267,Clyde River,CA,2022-05-18 17:28:04,70.4692,-68.5914,26.83,86,100,3.44
268,Flinders,AU,2022-05-18 17:28:04,-34.5833,150.8552,50.18,71,0,1.99
269,Karratha,AU,2022-05-18 17:28:05,-20.7377,116.8463,72.72,88,39,7.56
270,Galle,LK,2022-05-18 17:25:06,6.0367,80.217,80.04,85,21,15.28
271,Namatanai,PG,2022-05-18 17:28:05,-3.6667,152.4333,78.76,83,40,4.07
272,Sorong,ID,2022-05-18 17:29:06,-0.8833,131.25,78.91,86,93,4.25
273,Port Macquarie,AU,2022-05-18 17:29:07,-31.4333,152.9167,52.9,69,68,12.73
274,Nyurba,RU,2022-05-18 17:29:07,63.2842,118.3319,42.26,74,63,8.43
275,Sycow,PL,2022-05-18 17:29:08,51.3081,17.7198,61.29,49,5,2.8
276,Ouadda,CF,2022-05-18 17:29:08,8.0777,22.4007,69.71,96,100,7.34
277,Alekseyevsk,RU,2022-05-18 17:29:09,57.8406,108.3492,57.11,81,57,7.23
278,Ankeny,US,2022-05-18 17:29:09,41.7297,-93.6058,72.19,79,75,6.91
279,Fos-Sur-Mer,FR,2022-05-18 17:29:10,43.4377,4.9446,82.65,60,0,14.97
280,Burtunay,RU,2022-05-18 17:29:10,42.9886,46.6303,50.02,84,18,5.5
281,Aquiraz,BR,2022-05-18 17:29:11,-3.9014,-38.3911,86.09,74,86,10.54
282,El Alto,PE,2022-05-18 17:29:11,-4.2714,-81.2147,76.66,64,100,10.63
283,Rio Gallegos,AR,2022-05-18 17:29:12,-51.6226,-69.2181,42.85,87,20,3.44
284,Masty,BY,2022-05-18 17:29:12,53.4122,24.5387,53.85,69,11,8.39
285,Tutoia,BR,2022-05-18 17:29:13,-2.7619,-42.2744,84.24,71,100,13.89
286,Margate,GB,2022-05-18 17:29:13,51.3813,1.3862,67.1,69,100,3.0
287,Ponta Do Sol,PT,2022-05-18 17:29:14,32.6667,-17.1,72.72,79,71,3.6
288,Lodwar,KE,2022-05-18 17:29:15,3.1191,35.5973,90.34,33,93,12.03
289,San Giorgio Del Sannio,IT,2022-05-18 17:29:15,41.0696,14.8522,73.44,44,0,10.45
290,Hofn,IS,2022-05-18 17:19:31,64.2539,-15.2082,46.42,87,100,6.91
291,Qaqortoq,GL,2022-05-18 17:29:16,60.7167,-46.0333,38.61,78,15,7.38
292,Linjiang,CN,2022-05-18 17:29:16,41.8069,126.9078,47.39,94,12,2.57
293,La Rioja,ES,2022-05-18 17:28:47,42.25,-2.5,82.18,32,100,5.57
294,Muros,ES,2022-05-18 17:19:34,42.7762,-9.0603,71.69,69,78,4.61
295,Cadillac,US,2022-05-18 17:29:18,44.2519,-85.4012,53.51,62,100,10.36
296,Wanning,CN,2022-05-18 17:29:18,18.8003,110.3967,76.69,88,100,6.15
297,Pedasi,PA,2022-05-18 17:29:19,7.5333,-80.0333,77.68,84,100,5.99
298,Fort Wayne,US,2022-05-18 17:28:47,41.1306,-85.1289,64.04,86,100,9.22
299,Noumea,NC,2022-05-18 17:28:44,-22.2763,166.4572,77.0,99,7,7.11
300,Manggar,ID,2022-05-18 17:29:20,-2.8833,108.2667,81.41,81,46,3.87
301,Zalantun,CN,2022-05-18 17:29:20,48.0,122.7167,54.37,58,72,4.34
302,Northam,GB,2022-05-18 17:29:21,51.0333,-4.2167,57.61,89,100,20.54
303,Nemuro,JP,2022-05-18 17:29:21,43.3236,145.575,41.83,96,67,15.66
304,Ayan,RU,2022-05-18 17:29:22,56.45,138.1667,30.47,97,90,3.78
305,Loukhi,RU,2022-05-18 17:29:22,66.0764,33.0381,40.75,56,94,9.51
306,Arles,FR,2022-05-18 17:29:23,43.6768,4.6303,79.0,61,0,12.66
307,Bhainsa,IN,2022-05-18 17:29:23,26.9548,76.9012,95.94,11,1,3.18
308,Nandu,CN,2022-05-18 17:29:24,22.8525,110.8233,70.88,90,58,1.86
309,Sandpoint,US,2022-05-18 17:29:24,48.2766,-116.5533,49.98,87,100,3.44
310,Key West,US,2022-05-18 17:29:25,24.5557,-81.7826,89.6,60,40,9.22
311,Tilichiki,RU,2022-05-18 17:29:25,60.4667,166.1,31.44,96,97,1.3
312,Faya,SA,2022-05-18 17:29:26,18.3851,42.4509,77.11,18,20,10.36
313,Ferrol,ES,2022-05-18 17:24:33,43.4832,-8.2369,65.35,76,99,4.97
314,Norman Wells,CA,2022-05-18 17:29:27,65.282,-126.8329,35.64,93,100,10.36
315,Kargasok,RU,2022-05-18 17:29:27,59.0556,80.8572,59.81,59,100,7.87
316,Vestmannaeyjar,IS,2022-05-18 17:29:28,63.4427,-20.2734,49.19,87,75,5.75
317,Alexandria,EG,2022-05-18 17:24:47,31.2156,29.9553,73.36,60,0,10.36
318,Naze,JP,2022-05-18 17:30:29,28.3667,129.4833,70.72,78,83,11.63
319,Havoysund,NO,2022-05-18 17:30:29,70.9963,24.6622,35.83,72,100,13.11
320,Haines Junction,CA,2022-05-18 17:30:30,60.7522,-137.5108,44.17,51,17,4.68
321,Kamenka,RU,2022-05-18 17:30:30,51.3223,42.7678,50.43,77,91,4.81
322,Colares,PT,2022-05-18 17:30:31,38.7992,-9.4469,76.68,55,20,19.57
323,Yeppoon,AU,2022-05-18 17:30:31,-23.1333,150.7333,69.58,85,5,8.5
324,Sebinkarahisar,TR,2022-05-18 17:30:32,40.2883,38.4236,57.31,52,32,0.76
325,Cockburn Town,TC,2022-05-18 17:30:32,21.4612,-71.1419,80.55,84,49,9.28
326,Mattru,SL,2022-05-18 17:30:33,7.6244,-11.8332,79.92,89,88,4.81
327,Jega,NG,2022-05-18 17:30:33,12.2175,4.3792,101.28,16,4,4.79
328,Katobu,ID,2022-05-18 17:30:34,-4.9408,122.5276,75.09,95,100,4.72
329,Aklavik,CA,2022-05-18 17:30:34,68.2191,-135.0107,30.2,80,100,13.8
330,Plettenberg Bay,ZA,2022-05-18 17:30:35,-34.0527,23.3716,65.55,75,100,3.83
331,Bridlington,GB,2022-05-18 17:30:35,54.0831,-0.1919,68.9,81,100,17.49
332,Sompeta,IN,2022-05-18 17:30:36,18.9333,84.6,84.24,80,99,11.48
333,Uruzgan,AF,2022-05-18 17:30:36,32.8333,66.0,74.48,12,1,6.26
334,Paita,PE,2022-05-18 17:30:37,-5.0892,-81.1144,74.41,65,93,11.95
335,Nizhniy Ingash,RU,2022-05-18 17:30:37,56.2,96.53,58.14,80,100,5.01
336,Umm Lajj,SA,2022-05-18 17:30:38,25.0213,37.2685,81.25,64,0,8.12
337,Padang,ID,2022-05-18 17:30:38,-0.9492,100.3543,71.65,80,50,3.49
338,Olafsvik,IS,2022-05-18 17:30:40,64.8945,-23.7142,47.98,81,100,9.71
339,Lujiang,CN,2022-05-18 17:30:40,31.2581,117.2817,69.93,56,100,5.14
340,Sloboda,RU,2022-05-18 17:30:41,51.1421,40.3021,48.25,85,44,5.93
341,Oussouye,SN,2022-05-18 17:30:42,12.485,-16.5469,95.18,54,86,9.89
342,Kaohsiung,TW,2022-05-18 17:28:50,22.6163,120.3133,79.03,85,75,4.61
343,La Ronge,CA,2022-05-18 17:26:04,55.1001,-105.2842,55.65,35,75,5.75
344,Dingle,PH,2022-05-18 17:30:43,10.9995,122.6711,78.28,88,96,2.62
345,Angoche,MZ,2022-05-18 17:30:43,-16.2325,39.9086,74.05,79,2,5.79
346,Sikonge,TZ,2022-05-18 17:30:43,-5.6333,32.7667,70.63,48,79,5.44
347,Maningrida,AU,2022-05-18 17:30:44,-12.0667,134.2667,69.17,79,35,6.91
348,Charters Towers,AU,2022-05-18 17:30:44,-20.1,146.2667,68.79,77,43,10.31
349,Alice Springs,AU,2022-05-18 17:30:45,-23.7,133.8833,62.15,39,100,5.75
350,Aviles,ES,2022-05-18 17:30:45,43.5547,-5.9248,62.92,69,75,3.44
351,Denison,US,2022-05-18 17:27:03,33.7557,-96.5367,86.09,61,96,5.99
352,Ilhabela,BR,2022-05-18 17:30:46,-23.7781,-45.3581,67.23,48,7,17.31
353,Izhevskoye,RU,2022-05-18 17:30:46,54.5567,40.8703,48.22,72,100,9.13
354,Jeremie,HT,2022-05-18 17:30:47,18.65,-74.1167,84.04,71,100,3.69
355,Mar Del Plata,AR,2022-05-18 17:28:04,-38.0023,-57.5575,53.62,67,75,9.22
356,Camacha,PT,2022-05-18 17:30:48,33.0833,-16.3333,67.42,73,75,9.22
357,Mossendjo,CG,2022-05-18 17:30:48,-2.9506,12.7261,71.13,98,54,1.72
358,Kulhudhuffushi,MV,2022-05-18 17:30:48,6.6221,73.07,83.82,76,100,19.89
359,Port Lincoln,AU,2022-05-18 17:30:49,-34.7333,135.8667,55.74,71,7,10.47
360,Natal,BR,2022-05-18 17:29:39,-5.795,-35.2094,86.65,70,75,12.66
361,Okha,RU,2022-05-18 17:30:50,53.5739,142.9478,32.5,96,100,13.44
362,Havre-Saint-Pierre,CA,2022-05-18 17:30:50,50.2334,-63.5986,43.16,93,100,4.61
363,Trotwood,US,2022-05-18 17:30:51,39.7973,-84.3113,73.44,68,75,9.22
364,Bajil,YE,2022-05-18 17:30:51,15.0584,43.2851,91.54,43,52,3.74
365,Berlevag,NO,2022-05-18 17:30:52,70.8578,29.0864,33.75,80,75,24.16
366,Makakilo City,US,2022-05-18 17:31:52,21.3469,-158.0858,79.12,80,40,13.8
367,Norden,DE,2022-05-18 17:31:53,53.6,7.2,69.78,94,93,7.27
368,Saint-Georges,GD,2022-05-18 17:31:53,12.0564,-61.7485,85.68,70,20,24.16
369,Ambilobe,MG,2022-05-18 17:31:54,-13.2,49.05,72.46,80,45,4.21
370,Zambezi,ZM,2022-05-18 17:31:54,-13.5432,23.1047,65.26,52,27,3.53
371,Biloela,AU,2022-05-18 17:31:55,-24.4167,150.5,59.13,59,51,8.01
372,Safranbolu,TR,2022-05-18 17:31:55,41.2508,32.6942,56.34,89,43,6.53
373,Vilhena,BR,2022-05-18 17:31:56,-12.7406,-60.1458,71.82,30,0,14.97
374,Caraballeda,VE,2022-05-18 17:31:57,10.6112,-66.8522,93.87,56,40,4.61
375,Yerbogachen,RU,2022-05-18 17:31:58,61.2767,108.0108,51.84,82,97,10.87
376,Teya,RU,2022-05-18 17:31:58,60.3778,92.6267,49.24,88,15,3.49
377,Polis,CY,2022-05-18 17:31:59,35.0367,32.4264,69.62,75,0,4.34
378,Zhigansk,RU,2022-05-18 17:31:59,66.7697,123.3711,22.21,98,19,4.61
379,Cody,US,2022-05-18 17:32:00,44.5263,-109.0565,65.64,34,0,5.99
380,Sant Feliu De Guixols,ES,2022-05-18 17:27:33,41.7833,3.0333,79.92,48,55,8.55
381,Caravelas,BR,2022-05-18 17:32:00,-17.7125,-39.2481,84.54,56,94,2.8
382,Nome,US,2022-05-18 17:32:01,64.5011,-165.4064,30.27,86,100,0.0
383,Den Helder,NL,2022-05-18 17:32:01,52.9599,4.7593,64.96,68,100,4.61
384,Raudeberg,NO,2022-05-18 17:32:02,61.9875,5.1352,55.96,78,62,21.12
385,Muravlenko,RU,2022-05-18 17:32:03,63.7898,74.523,51.13,61,77,10.58
386,Slave Lake,CA,2022-05-18 17:32:03,55.2834,-114.769,51.78,43,100,6.91
387,Kaeo,NZ,2022-05-18 17:32:04,-35.1,173.7833,66.33,97,100,12.12
388,Makat,KZ,2022-05-18 17:32:04,47.6469,53.3463,62.56,47,100,17.56
389,Barra Patuca,HN,2022-05-18 17:32:05,15.8,-84.2833,85.37,69,63,9.06
390,Okato,NZ,2022-05-18 17:32:05,-39.2,173.8833,63.18,80,73,11.01
391,Kenai,US,2022-05-18 17:32:06,60.5544,-151.2583,55.02,57,0,4.61
392,Saint-Joseph,RE,2022-05-18 17:32:07,-21.3667,55.6167,73.78,74,30,12.46
393,La Esperanza,GT,2022-05-18 17:32:07,14.8667,-91.5667,71.08,78,75,6.91
394,Urumqi,CN,2022-05-18 17:30:04,43.801,87.6005,70.75,23,0,4.47
395,Mazamari,PE,2022-05-18 17:32:08,-11.3258,-74.5308,72.25,74,100,1.25
396,Araouane,ML,2022-05-18 17:32:09,18.9048,-3.5265,100.11,4,8,7.58
397,Andapa,MG,2022-05-18 17:32:09,-14.65,49.65,63.41,99,82,3.18
398,Bay City,US,2022-05-18 17:31:43,43.5945,-83.8889,53.71,80,100,5.75
399,Kavieng,PG,2022-05-18 17:32:10,-2.5744,150.7967,81.86,77,16,7.36
400,Erdenet,MN,2022-05-18 17:32:10,49.0333,104.0833,54.27,43,6,1.41
401,Berdsk,RU,2022-05-18 17:32:11,54.7551,83.0967,62.2,63,100,5.82
402,Mount Gambier,AU,2022-05-18 17:31:44,-37.8333,140.7667,47.48,85,71,2.13
403,Loudi,CN,2022-05-18 17:32:12,27.7344,111.9944,62.58,86,99,3.18
404,Eyl,SO,2022-05-18 17:32:12,7.9803,49.8164,81.68,74,89,17.94
405,Luoyang,CN,2022-05-18 17:32:13,34.6836,112.4536,66.85,57,100,4.21
406,Kindu,CD,2022-05-18 17:32:13,-2.95,25.95,70.83,92,73,2.55
407,Manokwari,ID,2022-05-18 17:32:14,-0.8667,134.0833,77.95,84,82,3.71
408,Temba,ZA,2022-05-18 17:32:14,-25.3803,28.2631,64.11,46,68,11.5
409,Upington,ZA,2022-05-18 17:33:15,-28.4478,21.2561,64.78,39,20,6.91
410,Alta Floresta,BR,2022-05-18 17:33:15,-9.8756,-56.0861,80.42,32,0,9.22
411,Sola,VU,2022-05-18 17:33:16,-13.8833,167.55,79.86,79,30,4.92
412,Pochutla,MX,2022-05-18 17:33:17,15.7432,-96.4661,90.82,40,97,9.17
413,Westport,US,2022-05-18 17:31:20,41.1415,-73.3579,71.44,33,0,14.97
414,Lokosovo,RU,2022-05-18 17:33:17,61.1333,74.8167,53.22,83,87,6.91
415,Jacareacanga,BR,2022-05-18 17:33:18,-6.2222,-57.7528,80.64,57,100,4.54
416,Gornopravdinsk,RU,2022-05-18 17:33:18,60.05,69.9,52.56,82,100,5.06
417,Nerekhta,RU,2022-05-18 17:33:19,57.4588,40.5747,48.09,92,60,5.97
418,Sakakah,SA,2022-05-18 17:33:20,29.9697,40.2064,92.77,13,53,8.5
419,Aktash,RU,2022-05-18 17:33:20,50.3,87.7333,47.01,46,49,1.68
420,Porangatu,BR,2022-05-18 17:33:21,-13.4408,-49.1486,80.87,21,45,11.25
421,Rawson,AR,2022-05-18 17:33:21,-43.3002,-65.1023,66.2,16,68,18.95
422,Saint George,US,2022-05-18 17:30:16,37.1041,-113.5841,86.79,22,1,3.0
423,Rincon,US,2022-05-18 17:33:22,32.296,-81.2354,90.86,37,40,14.97
424,Dukat,RU,2022-05-18 17:33:22,62.55,155.55,27.57,93,100,5.21
425,Khalkhal,IR,2022-05-18 17:33:23,37.6189,48.5258,51.57,76,78,2.13
426,San Juan,AR,2022-05-18 17:33:23,-31.5375,-68.5364,63.59,23,0,4.38
427,Islamkot,PK,2022-05-18 17:33:24,24.6997,70.177,84.07,63,0,14.14
428,Pozo Colorado,PY,2022-05-18 17:33:25,-23.4923,-58.7972,65.28,34,0,8.12
429,Tukrah,LY,2022-05-18 17:33:25,32.5341,20.5791,67.86,75,0,8.72
430,Gari,RU,2022-05-18 17:33:26,59.4307,62.3497,47.41,89,49,5.79
431,Belaya Gora,RU,2022-05-18 17:33:26,68.5333,146.4167,30.07,99,100,8.41
432,Waingapu,ID,2022-05-18 17:33:27,-9.6567,120.2641,77.63,87,91,5.82
433,Carutapera,BR,2022-05-18 17:33:27,-1.195,-46.02,84.61,73,76,8.32
434,Saint Anthony,US,2022-05-18 17:33:27,45.0205,-93.218,71.92,62,0,8.05
435,Elko,US,2022-05-18 17:33:28,41.0002,-115.5012,70.05,28,52,10.0
436,Cortez,US,2022-05-18 17:33:28,37.3489,-108.5859,76.69,22,0,0.0
437,Chandpur,IN,2022-05-18 17:33:29,29.15,78.2667,91.83,15,18,2.93
438,Hovd,MN,2022-05-18 17:33:30,48.0056,91.6419,58.55,45,26,6.11
439,Kati,ML,2022-05-18 17:33:30,12.7441,-8.0726,105.21,8,25,8.12
440,Gandai,IN,2022-05-18 17:33:30,21.6667,81.1,89.96,41,98,13.69
441,Tomatlan,MX,2022-05-18 17:33:31,19.9333,-105.25,91.99,27,12,9.66
442,Klyuchi,RU,2022-05-18 17:33:31,52.2667,79.1667,67.64,57,98,1.97
443,Talcahuano,CL,2022-05-18 17:33:32,-36.7167,-73.1167,51.48,82,100,9.22
444,Aldan,RU,2022-05-18 17:33:32,58.6031,125.3894,33.78,99,100,2.77
445,Ohaeawai,NZ,2022-05-18 17:33:33,-35.3509,173.8822,64.81,97,100,7.72
446,Chimore,BO,2022-05-18 17:33:33,-16.9833,-65.1333,75.47,45,84,3.33
447,Koungou,YT,2022-05-18 17:33:34,-12.7336,45.2042,80.31,74,20,4.61
448,Praya,CV,2022-05-18 17:33:34,14.9215,-23.5087,88.34,23,0,21.85
449,Martapura,ID,2022-05-18 17:33:35,-3.4167,114.85,78.89,100,100,3.44
450,Chapleau,CA,2022-05-18 17:33:35,47.8405,-83.4034,59.09,26,75,3.44
451,Betare Oya,CM,2022-05-18 17:33:36,5.6,14.0833,70.32,92,67,4.07
452,Duncanville,US,2022-05-18 17:28:42,32.6518,-96.9083,87.62,57,0,16.11
453,Ranir Bazar,IN,2022-05-18 17:33:36,23.8333,91.3667,74.82,96,87,8.81
454,Huarmey,PE,2022-05-18 17:33:37,-10.0681,-78.1522,70.34,75,81,8.63
455,Nador,MA,2022-05-18 17:33:37,35.174,-2.9287,75.27,83,100,5.75
456,Dafeng,CN,2022-05-18 17:33:38,23.4517,108.5881,72.28,90,100,3.24
457,Diffa,NE,2022-05-18 17:34:38,13.3154,12.6113,88.5,39,100,10.11
458,Seoul,KR,2022-05-18 17:32:55,37.5683,126.9778,60.4,68,0,6.91
459,Kovdor,RU,2022-05-18 17:34:39,67.5662,30.4758,33.8,77,100,10.56
460,Escarcega,MX,2022-05-18 17:33:12,18.6089,-90.7454,99.88,26,71,4.59
461,Prachuap Khiri Khan,TH,2022-05-18 17:34:40,12.2167,99.75,79.68,95,100,2.68
462,Port-Cartier,CA,2022-05-18 17:32:55,50.0334,-66.8654,47.75,52,96,20.76
463,Ziway,ET,2022-05-18 17:34:40,7.9333,38.7167,74.82,43,84,8.9
464,Malakal,SS,2022-05-18 17:34:41,9.5334,31.6605,91.26,35,78,2.39
465,Anadyr,RU,2022-05-18 17:34:41,64.75,177.4833,37.9,81,40,8.95
466,Grand Gaube,MU,2022-05-18 17:30:34,-20.0064,57.6608,73.8,73,70,3.0
467,Zhangjiakou,CN,2022-05-18 17:34:42,40.81,114.8794,63.9,27,80,3.29
468,Mzimba,MW,2022-05-18 17:34:42,-11.9,33.6,57.11,74,24,6.11
469,Benjamin Aceval,PY,2022-05-18 17:34:43,-24.9667,-57.5667,62.74,41,0,7.94
470,Viedma,AR,2022-05-18 17:34:44,-40.8135,-62.9967,56.07,37,68,15.61
471,Port Hedland,AU,2022-05-18 17:34:44,-20.3167,118.5667,69.85,100,28,6.91
472,Neuquen,AR,2022-05-18 17:30:24,-38.9516,-68.0591,57.09,44,0,12.66
473,Gornyy,RU,2022-05-18 17:34:45,55.1153,83.9059,59.7,60,97,1.81
474,Irbit,RU,2022-05-18 17:31:05,57.6705,63.071,51.98,72,79,6.67
475,Santander,ES,2022-05-18 17:34:03,43.4647,-3.8044,63.72,89,100,16.11
476,Iquitos,PE,2022-05-18 17:30:39,-3.7481,-73.2472,75.24,78,100,6.91
477,Cururupu,BR,2022-05-18 17:34:46,-1.8283,-44.8683,86.88,59,65,7.49
478,Te Anau,NZ,2022-05-18 17:34:46,-45.4167,167.7167,49.96,93,100,7.56
479,Niceville,US,2022-05-18 17:33:41,30.5169,-86.4822,90.37,73,75,11.5
480,Sundumbili,ZA,2022-05-18 17:34:47,-29.1337,31.3975,68.38,70,1,8.52
481,Ambulu,ID,2022-05-18 17:34:48,-8.345,113.6058,76.5,93,100,1.83
482,Falun,SE,2022-05-18 17:34:48,60.6036,15.626,63.95,41,85,10.6
483,Beloha,MG,2022-05-18 17:34:49,-25.1667,45.05,67.84,72,0,13.73
484,Fort-Shevchenko,KZ,2022-05-18 17:34:49,44.5086,50.263,63.25,62,39,6.58
485,Chara,RU,2022-05-18 17:34:50,56.9064,118.2631,45.21,77,100,3.09
486,Empalme,MX,2022-05-18 17:34:50,27.9667,-110.8167,90.36,69,0,6.91
487,Bonnyville,CA,2022-05-18 17:31:45,54.2668,-110.735,58.32,39,36,3.36
488,Yazman,PK,2022-05-18 17:34:51,29.1212,71.7446,98.06,11,0,11.39
489,Ko Samui,TH,2022-05-18 17:31:21,9.5357,99.9357,82.99,73,100,14.38
490,Ramona,US,2022-05-18 17:34:52,33.0417,-116.8681,74.75,58,0,9.22
491,Sokoni,TZ,2022-05-18 17:34:52,-6.4333,39.55,80.4,74,69,14.94
492,Longyearbyen,SJ,2022-05-18 17:34:53,78.2186,15.6401,28.24,74,75,16.11
493,Axim,GH,2022-05-18 17:34:53,4.8699,-2.2405,81.34,80,95,8.79
494,Mubende,UG,2022-05-18 17:34:54,0.5606,31.39,63.97,87,98,2.48
495,Meulaboh,ID,2022-05-18 17:34:54,4.1363,96.1285,77.92,87,98,3.15
496,Lingyuan,CN,2022-05-18 17:34:55,41.24,119.4011,57.87,49,73,6.71
497,Chiredzi,ZW,2022-05-18 17:34:55,-21.05,31.6667,67.59,66,36,7.61
498,Bilma,NE,2022-05-18 17:34:56,18.6853,12.9164,94.77,15,4,4.41
499,Chernyshevskiy,RU,2022-05-18 17:34:56,63.0128,112.4714,50.49,92,100,10.6
500,Tanout,NE,2022-05-18 17:34:57,14.9709,8.8879,91.11,11,3,3.56
501,Acajutla,SV,2022-05-18 17:34:57,13.5928,-89.8275,86.54,65,81,8.19
502,Tangshan,CN,2022-05-18 17:34:58,39.6333,118.1833,64.42,42,79,1.59
503,Odweyne,SO,2022-05-18 17:34:58,9.4092,45.064,79.99,48,100,20.67
504,Hanna,CA,2022-05-18 17:35:59,51.6334,-111.9018,54.86,42,87,11.01
505,Valparaiso,CL,2022-05-18 17:34:14,-33.0393,-71.6273,57.43,78,40,3.44
506,Morant Bay,JM,2022-05-18 17:35:59,17.8815,-76.4093,91.71,72,100,10.25
507,Puerto Varas,CL,2022-05-18 17:36:00,-41.3195,-72.9854,61.02,55,0,9.22
508,Perigueux,FR,2022-05-18 17:36:00,45.1833,0.7167,87.96,61,98,2.59
509,Cabot,US,2022-05-18 17:36:01,34.9745,-92.0165,87.1,57,75,10.36
510,Aguada De Pasajeros,CU,2022-05-18 17:36:01,22.385,-80.8508,89.4,48,77,5.06
511,San Jose,US,2022-05-18 17:32:44,37.3394,-121.895,78.49,51,20,5.75
512,Imbituba,BR,2022-05-18 17:35:22,-28.24,-48.6703,66.85,67,85,24.0
513,Boguchany,RU,2022-05-18 17:36:02,58.3814,97.4531,53.83,89,35,3.78
514,Klimovsk,RU,2022-05-18 17:36:03,55.3647,37.525,55.26,47,0,17.9
515,Kaihua,CN,2022-05-18 17:36:03,23.3687,104.28,62.02,94,83,6.17
516,Soe,ID,2022-05-18 17:36:04,-9.8607,124.284,65.03,94,74,3.96
517,Irbeyskoye,RU,2022-05-18 17:36:04,55.6428,95.4522,60.31,73,99,3.6
518,Port Hardy,CA,2022-05-18 17:36:05,50.6996,-127.4199,46.58,87,100,12.66
519,Great Falls,US,2022-05-18 17:33:42,47.5002,-111.3008,61.99,26,75,14.97
520,Moengo,SR,2022-05-18 17:36:05,5.6167,-54.4,85.05,61,98,6.67
521,Akureyri,IS,2022-05-18 17:36:06,65.6835,-18.0878,48.13,93,100,4.61
522,Parksville,CA,2022-05-18 17:33:49,49.3163,-124.3195,53.56,87,100,11.5
523,Salinopolis,BR,2022-05-18 17:36:07,-0.6136,-47.3561,82.6,82,67,8.25
524,Puerto Cabezas,NI,2022-05-18 17:36:07,14.0351,-83.3888,84.16,89,75,4.61
525,Jieshou,CN,2022-05-18 17:36:07,33.2634,115.3611,66.34,64,100,8.19
526,Uglovka,RU,2022-05-18 17:36:08,58.2392,33.5108,44.51,70,98,6.08
527,Aksu,CN,2022-05-18 17:36:08,41.1231,80.2644,75.81,21,34,2.8
528,Kaniama,CD,2022-05-18 17:36:09,-7.5667,24.1833,77.07,53,100,4.76
529,Quatre Cocos,MU,2022-05-18 17:36:09,-20.2078,57.7625,73.51,68,84,15.66
530,Lanzhou,CN,2022-05-18 17:36:10,36.0564,103.7922,61.02,58,79,3.47
531,Scarborough,GB,2022-05-18 17:32:27,54.2797,-0.4044,63.91,70,100,8.99
532,Haradok,BY,2022-05-18 17:36:10,55.4624,29.9816,59.11,71,80,6.33
533,Salta,AR,2022-05-18 17:34:21,-24.7859,-65.4117,63.19,63,0,8.01
534,Oriximina,BR,2022-05-18 17:36:11,-1.7656,-55.8661,84.36,71,84,2.1
535,Wairoa,NZ,2022-05-18 17:36:12,-39.0333,177.3667,55.54,99,100,4.52
536,Inirida,CO,2022-05-18 17:36:12,3.8653,-67.9239,77.92,95,100,3.13
537,Pullman,US,2022-05-18 17:36:12,46.7313,-117.1796,52.84,73,100,5.99
538,Strakonice,CZ,2022-05-18 17:36:13,49.2614,13.9024,70.09,72,12,8.3
539,Trzcianka,PL,2022-05-18 17:36:13,53.0406,16.4563,56.1,56,62,6.49
540,Angoram,PG,2022-05-18 17:36:14,-4.0625,144.0661,72.77,93,23,1.39
541,Changping,CN,2022-05-18 17:36:14,40.2186,116.2197,67.64,29,99,4.03
542,Laukaa,RU,2022-05-18 17:36:15,58.7372,29.8453,52.56,46,22,9.98
543,Yaan,NG,2022-05-18 17:36:15,7.3833,8.5667,83.19,67,79,4.68
544,Atasu,KZ,2022-05-18 17:36:16,48.6814,71.6433,59.34,77,55,4.5
545,Atakpame,TG,2022-05-18 17:36:16,7.5333,1.1333,83.91,56,100,4.07
546,Novopokrovka,UA,2022-05-18 17:36:17,49.8425,36.5477,47.88,86,72,7.81
547,Bubaque,GW,2022-05-18 17:36:18,11.2833,-15.8333,79.25,84,23,15.12
548,Leningradskiy,RU,2022-05-18 17:36:18,69.3833,178.4167,33.57,99,100,2.35
549,Daru,PG,2022-05-18 17:36:19,-9.0763,143.2092,78.44,81,12,7.23
